{
    "score": {
        "activity": 0.898120490786269,
        "speed": 0.966109634833205,
        "incline": 1.0
    },
    "params": {
        "window": 300,
        "split": 0.8
    }
}