{
    "score": {
        "activity": 0.995681887729081,
        "speed": 0.9551978899329107,
        "incline": 0.9398545710803253
    },
    "params": {
        "window": 300,
        "split": 0.8
    }
}