{
    "min_gyro_shank_r.z": 0.14847088414242995,
    "max_gyro_thigh_l.z": 0.10383456841751978,
    "max_gyro_foot_r.z": 0.08430523596278411,
    "min_gyro_foot_l.z": 0.08344667696288882,
    "max_gyro_shank_l.z": 0.07347808712085878,
    "min_gyro_thigh_r.z": 0.06377343966230033,
    "min_gyro_shank_l.z": 0.05900881373892971,
    "max_gyro_thigh_r.z": 0.05679184373081681,
    "max_gyro_shank_r.z": 0.04125559650068658,
    "min_gyro_thigh_l.z": 0.03955041701495392,
    "max_accel_thigh_r.z": 0.02842390835059869,
    "max_accel_pelvis.z": 0.025722222341984517,
    "min_accel_thigh_l.z": 0.021117695716452643,
    "min_accel_thigh_r.z": 0.02093884831197296,
    "max_accel_thigh_l.z": 0.01583126511242836,
    "min_global angle_thigh_r.z": 0.013512178927007333,
    "min_gyro_foot_r.z": 0.00732051375481363,
    "max_gyro_foot_l.z": 0.006430486350261118,
    "min_mag_thigh_l.z": 0.0058894433902389335,
    "min_accel_shank_l.z": 0.0050868804759955566,
    "max_global angle_thigh_r.z": 0.004964531061885841,
    "max_global angle_shank_l.z": 0.00487460855845529,
    "max_mag_shank_l.z": 0.004512287814320472,
    "max_gyro_pelvis.z": 0.004224925409481894,
    "max_mag_thigh_r.z": 0.004013258710680691,
    "min_gyro_pelvis.z": 0.003817237050140968,
    "max_mag_thigh_l.z": 0.0036273315225189024,
    "min_mag_shank_l.z": 0.003553464275828993,
    "min_mag_thigh_r.z": 0.0035429223646823646,
    "min_global angle_thigh_l.z": 0.003482973692962709,
    "min_mag_shank_r.z": 0.00340940462349595,
    "min_global angle_shank_r.z": 0.0033095052634242988,
    "min_accel_shank_r.z": 0.0027176973854840143,
    "max_global angle_shank_r.z": 0.0024714793771080015,
    "max_left foot sensor.lfs": 0.002341977417453029,
    "min_left foot sensor.lfs": 0.0022989964628892592,
    "max_mag_foot_l.z": 0.002272659630213585,
    "min_global angle_pelvis.z": 0.002272424951674119,
    "max_right foot sensor.rfs": 0.0021545992955277226,
    "min_global angle_foot_r.z": 0.0021454210668232212,
    "min_global angle_shank_l.z": 0.002142756747145663,
    "min_right foot sensor.rfs": 0.002121123259759375,
    "max_global angle_foot_l.z": 0.0019768866231006776,
    "max_global angle_pelvis.z": 0.001969960751428093,
    "min_accel_pelvis.z": 0.0019303500472716674,
    "min_mag_pelvis.z": 0.0018376632564214993,
    "min_mag_foot_l.z": 0.0018307369446339972,
    "max_global angle_thigh_l.z": 0.001778915919782745,
    "max_mag_foot_r.z": 0.001752790089765337,
    "max_global angle_foot_r.z": 0.0017234505497193036,
    "max_accel_foot_r.z": 0.0015510571742059734,
    "max_mag_pelvis.z": 0.0015277702463500674,
    "min_global angle_foot_l.z": 0.001513778474270717,
    "min_mag_foot_r.z": 0.0014332017090836926,
    "max_mag_shank_r.z": 0.0014161392757607457,
    "max_accel_shank_r.z": 0.00095428967774818,
    "min_accel_foot_l.z": 0.0009441330028464111,
    "max_accel_foot_l.z": 0.0005548717567729996,
    "min_accel_foot_r.z": 0.0004463906891447709,
    "max_accel_shank_l.z": 0.00039702188381400154
}