{
    "max_global angle_thigh_r.z": 0.11754760660754042,
    "max_global angle_pelvis.z": 0.0322005105773341,
    "min_gyro_shank_l.z": 0.031186786262747988,
    "max_gyro_shank_r.z": 0.030533623006472308,
    "min_mag_pelvis.z": 0.030433480658401752,
    "min_gyro_thigh_l.z": 0.02945524104568265,
    "max_gyro_thigh_r.z": 0.0288318150529592,
    "min_global angle_thigh_l.z": 0.028381657264521964,
    "max_mag_pelvis.z": 0.02837478443019945,
    "min_accel_shank_r.z": 0.026816318261313594,
    "max_right foot sensor.rfs": 0.02650300823562578,
    "min_accel_pelvis.z": 0.024472521913150466,
    "max_gyro_thigh_l.z": 0.024381448022600057,
    "min_global angle_pelvis.z": 0.024352566123435,
    "max_gyro_pelvis.z": 0.023932404108671573,
    "max_left foot sensor.lfs": 0.02376513153639991,
    "min_accel_thigh_r.z": 0.021676591220398053,
    "max_mag_thigh_l.z": 0.021325712456840232,
    "min_gyro_pelvis.z": 0.021109703457541353,
    "min_gyro_thigh_r.z": 0.020603295696108827,
    "max_mag_thigh_r.z": 0.018926096271595725,
    "max_gyro_foot_l.z": 0.01769844730627556,
    "min_gyro_foot_r.z": 0.016306255512353273,
    "min_global angle_shank_r.z": 0.016304989535496035,
    "min_right foot sensor.rfs": 0.015594726511283302,
    "max_global angle_foot_l.z": 0.015561169528033455,
    "min_global angle_thigh_r.z": 0.014927642096557916,
    "max_accel_pelvis.z": 0.014818016382276087,
    "min_accel_shank_l.z": 0.014811374490251366,
    "min_left foot sensor.lfs": 0.014298894491304257,
    "max_global angle_shank_r.z": 0.014001648739411765,
    "max_mag_foot_r.z": 0.013635106316115942,
    "min_global angle_foot_l.z": 0.013311949592909504,
    "min_gyro_shank_r.z": 0.012828846680181466,
    "max_global angle_foot_r.z": 0.01183161154468618,
    "min_mag_thigh_l.z": 0.011011799695295236,
    "max_gyro_shank_l.z": 0.01018983098083798,
    "min_global angle_foot_r.z": 0.009305052187123746,
    "min_global angle_shank_l.z": 0.00929319476186197,
    "max_global angle_thigh_l.z": 0.008865246512938437,
    "min_mag_thigh_r.z": 0.00868895772076343,
    "max_global angle_shank_l.z": 0.00852303722886532,
    "max_mag_foot_l.z": 0.008160859473663766,
    "min_mag_foot_l.z": 0.008144381635453179,
    "max_gyro_foot_r.z": 0.00807340611751025,
    "min_mag_shank_l.z": 0.007734235752187969,
    "min_accel_thigh_l.z": 0.007281562897959807,
    "min_gyro_foot_l.z": 0.007192589330037539,
    "max_mag_shank_r.z": 0.006458923357410948,
    "max_accel_thigh_r.z": 0.005840440625187452,
    "min_mag_shank_r.z": 0.005691702220583785,
    "max_mag_shank_l.z": 0.00560670293850652,
    "min_mag_foot_r.z": 0.005392451616081636,
    "min_accel_foot_r.z": 0.004373267825033231,
    "min_accel_foot_l.z": 0.004188462519731046,
    "max_accel_thigh_l.z": 0.0024621567088272773,
    "max_accel_shank_l.z": 0.002361136986232202,
    "max_accel_shank_r.z": 0.0020340271837448252,
    "max_accel_foot_r.z": 0.0012514588867928427,
    "max_accel_foot_l.z": 0.0011341339006931083
}